community_id,community_name,theme_label,sponsor_category,audience_interest_score,commercial_intent_score,brand_relevance_score,brand_safety_score,sponsor_fit_score,priority_label,confidence_label,brand_safety_label,opportunity_summary,recommended_commercial_action,top_evidence_terms,commercial_intent_terms,post_count,engagement_score,commercial_intent_records,brand_relevance_records,brand_safety_risk_records
demo_shameless_community,Demo Shameless Community,reality tv villains,Tv Villains Reality Villains Reality Villains Villains Audience Fit,91.9,100.0,76.5,87.5,90.6,High,High,Sponsor safe,"Tv Villains Reality Villains Reality Villains Villains Audience Fit is derived from the 'reality tv villains' theme. It has 8 posts, engagement score 5.38, fit score 90.6, and brand-safety status 'Sponsor safe'.","Validate the 'reality tv villains' theme with source evidence, then pitch a small partnership test around these audience terms: tv villains reality, villains reality, villains, villains, reality tv.","tv villains reality, villains reality, villains, villains, reality tv","tv villains reality, villains reality, villains, villains, reality tv",8,5.375,8,4,1
demo_shameless_community,Demo Shameless Community,microtrend fatigue,Microtrend Fatigue Microtrend Fatigue Microtrend Fatigue Fatigue Audience Fit,74.2,91.1,94.0,100.0,87.1,High,High,Sponsor safe,"Microtrend Fatigue Microtrend Fatigue Microtrend Fatigue Fatigue Audience Fit is derived from the 'microtrend fatigue' theme. It has 8 posts, engagement score 4.12, fit score 87.1, and brand-safety status 'Sponsor safe'.","Validate the 'microtrend fatigue' theme with source evidence, then pitch a small partnership test around these audience terms: microtrend fatigue, microtrend fatigue, microtrend fatigue, fatigue, fatigue.","microtrend fatigue, microtrend fatigue, microtrend fatigue, fatigue, fatigue","microtrend fatigue, microtrend fatigue, microtrend fatigue, fatigue, fatigue",8,4.125,8,4,0
demo_shameless_community,Demo Shameless Community,comfort rewatches,Comfort Rewatches Comfort Rewatches Rewatches Rewatches Audience Fit,73.5,93.6,88.0,100.0,86.4,High,High,Sponsor safe,"Comfort Rewatches Comfort Rewatches Rewatches Rewatches Audience Fit is derived from the 'comfort rewatches' theme. It has 6 posts, engagement score 5.17, fit score 86.4, and brand-safety status 'Sponsor safe'.","Validate the 'comfort rewatches' theme with source evidence, then pitch a small partnership test around these audience terms: comfort rewatches, comfort rewatches, rewatches, rewatches, comfort.","comfort rewatches, comfort rewatches, rewatches, rewatches, comfort","comfort rewatches, comfort rewatches, rewatches, rewatches, comfort",6,5.166666666666666,6,3,0
demo_shameless_community,Demo Shameless Community,book to screen adaptations,Book Screen Adaptations Adaptations Book Screen Adaptations Book Screen Adaptations Audience Fit,66.8,87.5,82.0,100.0,81.0,High,High,Sponsor safe,"Book Screen Adaptations Adaptations Book Screen Adaptations Book Screen Adaptations Audience Fit is derived from the 'book to screen adaptations' theme. It has 5 posts, engagement score 4.4, fit score 81.0, and brand-safety status 'Sponsor safe'.","Validate the 'book to screen adaptations' theme with source evidence, then pitch a small partnership test around these audience terms: book screen adaptations, adaptations book screen, adaptations book, screen adaptations, book, adaptations.","book screen adaptations, adaptations book screen, adaptations book, screen adaptations, book, adaptations","book screen adaptations, adaptations book screen, adaptations book, screen adaptations, book, adaptations",5,4.4,5,2,0
demo_shameless_community,Demo Shameless Community,pr relationships,Pr Relationships Pr Relationships Relationships Pr Audience Fit,68.0,73.2,100.0,100.0,80.8,High,Medium,Sponsor safe,"Pr Relationships Pr Relationships Relationships Pr Audience Fit is derived from the 'pr relationships' theme. It has 6 posts, engagement score 3.5, fit score 80.8, and brand-safety status 'Sponsor safe'.","Validate the 'pr relationships' theme with source evidence, then pitch a small partnership test around these audience terms: pr relationships, pr relationships, relationships, pr.","pr relationships, pr relationships, relationships, pr","pr relationships, pr relationships, relationships, pr",6,3.5,6,5,0
demo_shameless_community,Demo Shameless Community,movie press tours,Movie Press Tours Press Tours Movie Press Tours Movie Audience Fit,63.4,84.6,68.0,100.0,76.2,High,High,Sponsor safe,"Movie Press Tours Press Tours Movie Press Tours Movie Audience Fit is derived from the 'movie press tours' theme. It has 5 posts, engagement score 4.6, fit score 76.2, and brand-safety status 'Sponsor safe'.","Validate the 'movie press tours' theme with source evidence, then pitch a small partnership test around these audience terms: movie press tours, press tours, movie press, tours movie, tours.","movie press tours, press tours, movie press, tours movie, tours","movie press tours, press tours, movie press, tours movie, tours",5,4.6,5,2,0
demo_shameless_community,Demo Shameless Community,celebrity side hustles,Celebrity Hustles Circling Celebrity Hustles Hustles Celebrity Hustles Hustles Audience Fit,63.8,73.4,82.0,100.0,75.8,High,Low,Sponsor safe,"Celebrity Hustles Circling Celebrity Hustles Hustles Celebrity Hustles Hustles Audience Fit is derived from the 'celebrity side hustles' theme. It has 2 posts, engagement score 7.0, fit score 75.8, and brand-safety status 'Sponsor safe'.","Validate the 'celebrity side hustles' theme with source evidence, then pitch a small partnership test around these audience terms: celebrity hustles, circling celebrity hustles, hustles celebrity hustles, hustles, celebrity.","celebrity hustles, circling celebrity hustles, hustles celebrity hustles, hustles, celebrity","celebrity hustles, circling celebrity hustles, hustles celebrity hustles, hustles, celebrity",2,7.0,2,2,0
demo_shameless_community,Demo Shameless Community,nepo baby,Nepo Baby Nepo Baby Nepo Baby Nepo Baby Audience Fit,58.0,69.7,88.0,100.0,73.8,High,Medium,Sponsor safe,"Nepo Baby Nepo Baby Nepo Baby Nepo Baby Audience Fit is derived from the 'nepo baby' theme. It has 5 posts, engagement score 3.8, fit score 73.8, and brand-safety status 'Sponsor safe'.","Validate the 'nepo baby' theme with source evidence, then pitch a small partnership test around these audience terms: nepo baby, nepo baby, nepo baby nepo, baby, nepo.","nepo baby, nepo baby, nepo baby nepo, baby, nepo","nepo baby, nepo baby, nepo baby nepo, baby, nepo",5,3.8000000000000003,5,3,0
demo_shameless_community,Demo Shameless Community,award season,Award Season Season Award Season Award Season Audience Fit,59.8,70.0,82.0,100.0,73.3,High,Low,Sponsor safe,"Award Season Season Award Season Award Season Audience Fit is derived from the 'award season' theme. It has 2 posts, engagement score 6.5, fit score 73.3, and brand-safety status 'Sponsor safe'.","Validate the 'award season' theme with source evidence, then pitch a small partnership test around these audience terms: award season, season, award season, award season.","award season, season, award season, award season","award season, season, award season, award season",2,6.5,2,2,0
demo_shameless_community,Demo Shameless Community,internet overexposure,Internet Overexposure Internet Overexposure Internet Overexposure Internet Overexposure Audience Fit,48.9,66.3,82.0,100.0,68.4,Medium,Medium,Sponsor safe,"Internet Overexposure Internet Overexposure Internet Overexposure Internet Overexposure Audience Fit is derived from the 'internet overexposure' theme. It has 4 posts, engagement score 4.0, fit score 68.4, and brand-safety status 'Sponsor safe'.","Validate the 'internet overexposure' theme with source evidence, then pitch a small partnership test around these audience terms: internet overexposure, internet overexposure, internet overexposure, internet overexposure, internet, circling internet.","internet overexposure, internet overexposure, internet overexposure, internet overexposure, internet, circling internet","internet overexposure, internet overexposure, internet overexposure, internet overexposure, internet, circling internet",4,4.0,4,2,0
demo_shameless_community,Demo Shameless Community,tabloid ethics,Tabloid Ethics Circling Circling Tabloid Ethics Tabloid Ethics Tabloid Ethics Tabloid Ethics Audience Fit,49.4,67.1,76.0,100.0,67.6,Medium,Low,Sponsor safe,"Tabloid Ethics Circling Circling Tabloid Ethics Tabloid Ethics Tabloid Ethics Tabloid Ethics Audience Fit is derived from the 'tabloid ethics' theme. It has 1 posts, engagement score 7.0, fit score 67.6, and brand-safety status 'Sponsor safe'.","Validate the 'tabloid ethics' theme with source evidence, then pitch a small partnership test around these audience terms: tabloid ethics circling, circling tabloid ethics, tabloid ethics tabloid, ethics tabloid ethics, ethics circling tabloid, tabloid ethics.","tabloid ethics circling, circling tabloid ethics, tabloid ethics tabloid, ethics tabloid ethics, ethics circling tabloid, tabloid ethics","tabloid ethics circling, circling tabloid ethics, tabloid ethics tabloid, ethics tabloid ethics, ethics circling tabloid, tabloid ethics",1,7.0,1,1,0
demo_shameless_community,Demo Shameless Community,celebrity memoirs,Celebrity Memoirs Celebrity Memoirs Memoirs Celebrity Memoirs Celebrity Memoirs Audience Fit,44.1,56.1,82.0,100.0,63.7,Medium,Low,Sponsor safe,"Celebrity Memoirs Celebrity Memoirs Memoirs Celebrity Memoirs Celebrity Memoirs Audience Fit is derived from the 'celebrity memoirs' theme. It has 2 posts, engagement score 4.5, fit score 63.7, and brand-safety status 'Sponsor safe'.","Validate the 'celebrity memoirs' theme with source evidence, then pitch a small partnership test around these audience terms: celebrity memoirs, celebrity memoirs, memoirs celebrity memoirs, celebrity memoirs, celebrity memoirs celebrity, memoirs.","celebrity memoirs, celebrity memoirs, memoirs celebrity memoirs, celebrity memoirs, celebrity memoirs celebrity, memoirs","celebrity memoirs, celebrity memoirs, memoirs celebrity memoirs, celebrity memoirs, celebrity memoirs celebrity, memoirs",2,4.5,2,2,0
demo_shameless_community,Demo Shameless Community,brand founder scandals,Brand Founder Scandals Founder Scandals Brand Scandals Brand Founder Founder Scandals Audience Fit,42.9,60.7,76.0,100.0,63.4,Medium,Low,Sponsor safe,"Brand Founder Scandals Founder Scandals Brand Scandals Brand Founder Founder Scandals Audience Fit is derived from the 'brand founder scandals' theme. It has 1 posts, engagement score 6.0, fit score 63.4, and brand-safety status 'Sponsor safe'.","Validate the 'brand founder scandals' theme with source evidence, then pitch a small partnership test around these audience terms: brand founder scandals, founder scandals brand, scandals brand founder, founder scandals, scandals brand, scandals.","brand founder scandals, founder scandals brand, scandals brand founder, founder scandals, scandals brand, scandals","brand founder scandals, founder scandals brand, scandals brand founder, founder scandals, scandals brand, scandals",1,6.0,1,1,0
demo_shameless_community,Demo Shameless Community,girlboss backlash,Girlboss Backlash Girlboss Backlash Girlboss Backlash Girlboss Backlash Audience Fit,46.4,60.6,64.5,100.0,62.3,Medium,Medium,Sponsor safe,"Girlboss Backlash Girlboss Backlash Girlboss Backlash Girlboss Backlash Audience Fit is derived from the 'girlboss backlash' theme. It has 4 posts, engagement score 3.5, fit score 62.3, and brand-safety status 'Sponsor safe'.","Validate the 'girlboss backlash' theme with source evidence, then pitch a small partnership test around these audience terms: girlboss backlash, girlboss backlash, girlboss backlash, girlboss backlash, backlash, backlash.","girlboss backlash, girlboss backlash, girlboss backlash, girlboss backlash, backlash, backlash","girlboss backlash, girlboss backlash, girlboss backlash, girlboss backlash, backlash, backlash",4,3.5,4,2,0
demo_shameless_community,Demo Shameless Community,sad girl pop,Pop Circling Sad Sad Girl Pop Girl Pop Sad Girl Audience Fit,54.3,74.9,46.0,60.0,59.7,Medium,High,Review before pitching,"Pop Circling Sad Sad Girl Pop Girl Pop Sad Girl Audience Fit is derived from the 'sad girl pop' theme. It has 5 posts, engagement score 4.2, fit score 59.7, and brand-safety status 'Review before pitching'.","Validate the 'sad girl pop' theme with source evidence, then pitch a small partnership test around these audience terms: pop circling sad, sad girl pop, girl pop, sad girl.","pop circling sad, sad girl pop, girl pop, sad girl","pop circling sad, sad girl pop, girl pop, sad girl",5,4.2,5,3,2
demo_shameless_community,Demo Shameless Community,poll you like guest more,Poll Like Guest Guest Poll Guest Host Chats Audience Fit,36.5,54.4,76.0,100.0,59.3,Medium,Low,Sponsor safe,"Poll Like Guest Guest Poll Guest Host Chats Audience Fit is derived from the 'poll you like guest more' theme. It has 1 posts, engagement score 5.0, fit score 59.3, and brand-safety status 'Sponsor safe'.","Validate the 'poll you like guest more' theme with source evidence, then pitch a small partnership test around these audience terms: poll like guest, guest poll, guest, host chats, like guest, host.","poll like guest, guest poll, guest, host chats, like guest, host","poll like guest, guest poll, guest, host chats, like guest, host",1,5.0,1,1,0
demo_shameless_community,Demo Shameless Community,wellness rebrands,Wellness Rebrands Wellness Rebrands Wellness Rebrands Wellness Rebrands Wellness Rebrands Audience Fit,36.5,54.4,76.0,100.0,59.3,Medium,Low,Sponsor safe,"Wellness Rebrands Wellness Rebrands Wellness Rebrands Wellness Rebrands Wellness Rebrands Audience Fit is derived from the 'wellness rebrands' theme. It has 1 posts, engagement score 5.0, fit score 59.3, and brand-safety status 'Sponsor safe'.","Validate the 'wellness rebrands' theme with source evidence, then pitch a small partnership test around these audience terms: wellness rebrands, wellness rebrands, wellness rebrands wellness, rebrands wellness rebrands, wellness rebrands, rebrands.","wellness rebrands, wellness rebrands, wellness rebrands wellness, rebrands wellness rebrands, wellness rebrands, rebrands","wellness rebrands, wellness rebrands, wellness rebrands wellness, rebrands wellness rebrands, wellness rebrands, rebrands",1,5.0,1,1,0
demo_shameless_community,Demo Shameless Community,cancelled tours,Cancelled Tours Cancelled Tours Cancelled Cancelled Tours Cancelled Tours Audience Fit,28.8,50.2,76.0,100.0,55.3,Medium,Medium,Sponsor safe,"Cancelled Tours Cancelled Tours Cancelled Cancelled Tours Cancelled Tours Audience Fit is derived from the 'cancelled tours' theme. It has 3 posts, engagement score 2.0, fit score 55.3, and brand-safety status 'Sponsor safe'.","Validate the 'cancelled tours' theme with source evidence, then pitch a small partnership test around these audience terms: cancelled tours, cancelled tours cancelled, cancelled tours, cancelled tours, tours, cancelled.","cancelled tours, cancelled tours cancelled, cancelled tours, cancelled tours, tours, cancelled","cancelled tours, cancelled tours cancelled, cancelled tours, cancelled tours, tours, cancelled",3,2.0,3,1,0
demo_shameless_community,Demo Shameless Community,have redemption arcs,Redemption Arcs Redemption Arcs Redemption Arcs Redemption Arcs Redemption Audience Fit,30.1,48.1,76.0,100.0,55.2,Medium,Low,Sponsor safe,"Redemption Arcs Redemption Arcs Redemption Arcs Redemption Arcs Redemption Audience Fit is derived from the 'have redemption arcs' theme. It has 1 posts, engagement score 4.0, fit score 55.2, and brand-safety status 'Sponsor safe'.","Validate the 'have redemption arcs' theme with source evidence, then pitch a small partnership test around these audience terms: redemption arcs, redemption arcs, redemption arcs, redemption arcs redemption, arcs redemption arcs, redemption.","redemption arcs, redemption arcs, redemption arcs, redemption arcs redemption, arcs redemption arcs, redemption","redemption arcs, redemption arcs, redemption arcs, redemption arcs redemption, arcs redemption arcs, redemption",1,4.0,1,1,0
demo_shameless_community,Demo Shameless Community,redemption arcs,Redemption Arcs Redemption Arcs Redemption Arcs Redemption Arcs Redemption Audience Fit,30.1,48.1,76.0,100.0,55.2,Medium,Low,Sponsor safe,"Redemption Arcs Redemption Arcs Redemption Arcs Redemption Arcs Redemption Audience Fit is derived from the 'redemption arcs' theme. It has 1 posts, engagement score 4.0, fit score 55.2, and brand-safety status 'Sponsor safe'.","Validate the 'redemption arcs' theme with source evidence, then pitch a small partnership test around these audience terms: redemption arcs, redemption arcs, redemption arcs, redemption arcs redemption, redemption arcs, arcs redemption arcs.","redemption arcs, redemption arcs, redemption arcs, redemption arcs redemption, redemption arcs, arcs redemption arcs","redemption arcs, redemption arcs, redemption arcs, redemption arcs redemption, redemption arcs, arcs redemption arcs",1,4.0,1,1,0
demo_shameless_community,Demo Shameless Community,the fame fatigue chat,Fame Fatigue Chat Fame Fatigue Fame Fatigue Fatigue Chat Audience Fit,30.1,48.1,76.0,100.0,55.2,Medium,Low,Sponsor safe,"Fame Fatigue Chat Fame Fatigue Fame Fatigue Fatigue Chat Audience Fit is derived from the 'the fame fatigue chat' theme. It has 1 posts, engagement score 4.0, fit score 55.2, and brand-safety status 'Sponsor safe'.","Validate the 'the fame fatigue chat' theme with source evidence, then pitch a small partnership test around these audience terms: fame fatigue chat, fame fatigue, fame fatigue, fatigue chat, fame, chat fame.","fame fatigue chat, fame fatigue, fame fatigue, fatigue chat, fame, chat fame","fame fatigue chat, fame fatigue, fame fatigue, fatigue chat, fame, chat fame",1,4.0,1,1,0
demo_shameless_community,Demo Shameless Community,guest,Guest Guest Guest Guest Guest Audience Fit,26.9,41.8,76.0,100.0,52.2,Medium,Low,Sponsor safe,"Guest Guest Guest Guest Guest Audience Fit is derived from the 'guest' theme. It has 2 posts, engagement score 2.5, fit score 52.2, and brand-safety status 'Sponsor safe'.","Validate the 'guest' theme with source evidence, then pitch a small partnership test around these audience terms: guest, guest, guest, guest guest.","guest, guest, guest, guest guest","guest, guest, guest, guest guest",2,2.5,2,1,0
demo_shameless_community,Demo Shameless Community,parasocial friendship,Parasocial Friendship Parasocial Friendship Parasocial Friendship Parasocial Friendship Friendship Parasocial Audience Fit,21.0,43.3,82.0,100.0,51.7,Medium,Medium,Sponsor safe,"Parasocial Friendship Parasocial Friendship Parasocial Friendship Parasocial Friendship Friendship Parasocial Audience Fit is derived from the 'parasocial friendship' theme. It has 3 posts, engagement score 1.0, fit score 51.7, and brand-safety status 'Sponsor safe'.","Validate the 'parasocial friendship' theme with source evidence, then pitch a small partnership test around these audience terms: parasocial friendship parasocial, friendship parasocial friendship, parasocial friendship, friendship parasocial, friendship.","parasocial friendship parasocial, friendship parasocial friendship, parasocial friendship, friendship parasocial, friendship","parasocial friendship parasocial, friendship parasocial friendship, parasocial friendship, friendship parasocial, friendship",3,1.0,3,2,0
demo_shameless_community,Demo Shameless Community,messy celeb interviews,Messy Celeb Interviews Celeb Interviews Messy Interviews Messy Celeb Messy Celeb Audience Fit,30.5,48.3,58.7,66.7,46.9,Medium,Medium,Moderate risk,"Messy Celeb Interviews Celeb Interviews Messy Interviews Messy Celeb Messy Celeb Audience Fit is derived from the 'messy celeb interviews' theme. It has 3 posts, engagement score 2.33, fit score 46.9, and brand-safety status 'Moderate risk'.","Validate the 'messy celeb interviews' theme with source evidence, then pitch a small partnership test around these audience terms: messy celeb interviews, celeb interviews messy, interviews messy celeb, messy celeb, interviews, messy.","messy celeb interviews, celeb interviews messy, interviews messy celeb, messy celeb, interviews, messy","messy celeb interviews, celeb interviews messy, interviews messy celeb, messy celeb, interviews, messy",3,2.333333333333333,3,2,1
demo_shameless_community,Demo Shameless Community,long read the celebrity memoir boom,Celebrity Memoir Boom Read Celebrity Memoir Long Read Celebrity Memoir Boom Long Audience Fit,17.2,35.5,76.0,100.0,46.9,Medium,Low,Sponsor safe,"Celebrity Memoir Boom Read Celebrity Memoir Long Read Celebrity Memoir Boom Long Audience Fit is derived from the 'long read the celebrity memoir boom' theme. It has 1 posts, engagement score 2.0, fit score 46.9, and brand-safety status 'Sponsor safe'.","Validate the 'long read the celebrity memoir boom' theme with source evidence, then pitch a small partnership test around these audience terms: celebrity memoir boom, read celebrity memoir, long read celebrity, memoir boom long, memoir boom, long read.","celebrity memoir boom, read celebrity memoir, long read celebrity, memoir boom long, memoir boom, long read","celebrity memoir boom, read celebrity memoir, long read celebrity, memoir boom long, memoir boom, long read",1,2.0,1,1,0
demo_shameless_community,Demo Shameless Community,smartest dumb watch,Smartest Dumb Watch Dumb Watch Smartest Dumb Watch April Dumb Watch Audience Fit,17.2,35.5,76.0,100.0,46.9,Medium,Low,Sponsor safe,"Smartest Dumb Watch Dumb Watch Smartest Dumb Watch April Dumb Watch Audience Fit is derived from the 'smartest dumb watch' theme. It has 1 posts, engagement score 2.0, fit score 46.9, and brand-safety status 'Sponsor safe'.","Validate the 'smartest dumb watch' theme with source evidence, then pitch a small partnership test around these audience terms: smartest dumb watch, dumb watch smartest, dumb watch april, dumb watch, recs smartest, april recs.","smartest dumb watch, dumb watch smartest, dumb watch april, dumb watch, recs smartest, april recs","smartest dumb watch, dumb watch smartest, dumb watch april, dumb watch, recs smartest, april recs",1,2.0,1,1,0
demo_shameless_community,Demo Shameless Community,what's your comfort rewatch,Comfort Rewatch Comfort Comfort Rewatch Rewatch Comfort Rewatch Comfort Rewatch Audience Fit,17.2,35.5,76.0,100.0,46.9,Medium,Low,Sponsor safe,"Comfort Rewatch Comfort Comfort Rewatch Rewatch Comfort Rewatch Comfort Rewatch Audience Fit is derived from the 'what's your comfort rewatch' theme. It has 1 posts, engagement score 2.0, fit score 46.9, and brand-safety status 'Sponsor safe'.","Validate the 'what's your comfort rewatch' theme with source evidence, then pitch a small partnership test around these audience terms: comfort rewatch comfort, comfort rewatch, rewatch comfort rewatch, comfort rewatch, rewatch comfort, rewatch.","comfort rewatch comfort, comfort rewatch, rewatch comfort rewatch, comfort rewatch, rewatch comfort, rewatch","comfort rewatch comfort, comfort rewatch, rewatch comfort rewatch, comfort rewatch, rewatch comfort, rewatch",1,2.0,1,1,0
demo_shameless_community,Demo Shameless Community,would you shameless live listen melbourne,Listen Melbourne Shameless Melbourne Shameless Live Melbourne Shameless Live Listen Melbourne Audience Fit,23.7,30.3,6.0,0.0,18.6,Low,Low,Review before pitching,"Listen Melbourne Shameless Melbourne Shameless Live Melbourne Shameless Live Listen Melbourne Audience Fit is derived from the 'would you shameless live listen melbourne' theme. It has 1 posts, engagement score 3.0, fit score 18.6, and brand-safety status 'Review before pitching'.","Validate the 'would you shameless live listen melbourne' theme with source evidence, then pitch a small partnership test around these audience terms: listen melbourne shameless, melbourne shameless live, melbourne shameless, live listen melbourne, shameless live, live.","listen melbourne shameless, melbourne shameless live, melbourne shameless, live listen melbourne, shameless live, live","listen melbourne shameless, melbourne shameless live, melbourne shameless, live listen melbourne, shameless live, live",1,3.0,1,1,1
