community_id,community_name,theme_label,sponsor_category,commercial_evidence_terms,commercial_score,commercial_confidence,post_count,engagement_score,positive_rate,negative_rate,top_segment_type,top_segment_value,top_segment_records,top_segment_engagement,recommendation_text,audience_interest_score,commercial_intent_score,brand_relevance_score,brand_safety_score,brand_safety_risk_rate,brand_safety_label,confidence_label,sponsor_fit_score,priority_label,commercial_intent_records,brand_relevance_records,brand_safety_risk_records,top_evidence_terms,commercial_intent_terms,matched_keywords
demo_shameless_community,Demo Shameless Community,reality tv villains,Tv Villains Reality Villains Reality Villains Villains Audience Fit,"tv villains reality, villains reality, villains, villains, reality tv",60.88,High,8,5.375,0.75,0.125,gender,female,4,21,"For Demo Shameless Community, 'reality tv villains' shows a data-derived Tv Villains Reality Villains Reality Villains Villains Audience Fit opportunity. It has 8 posts, an engagement score of 5.38, a positive rate of 75.0%, and strongest visible audience segment female (gender).",91.9,100.0,76.5,87.5,12.5,Sponsor safe,High,90.6,High,8,4,1,"tv villains reality, villains reality, villains, villains, reality tv","tv villains reality, villains reality, villains, villains, reality tv",
demo_shameless_community,Demo Shameless Community,microtrend fatigue,Microtrend Fatigue Microtrend Fatigue Microtrend Fatigue Fatigue Audience Fit,"microtrend fatigue, microtrend fatigue, microtrend fatigue, fatigue, fatigue",53.12,High,8,4.125,1.0,0.0,gender,non_binary,4,13,"For Demo Shameless Community, 'microtrend fatigue' shows a data-derived Microtrend Fatigue Microtrend Fatigue Microtrend Fatigue Fatigue Audience Fit opportunity. It has 8 posts, an engagement score of 4.12, a positive rate of 100.0%, and strongest visible audience segment non_binary (gender).",74.2,91.1,94.0,100.0,0.0,Sponsor safe,High,87.1,High,8,4,0,"microtrend fatigue, microtrend fatigue, microtrend fatigue, fatigue, fatigue","microtrend fatigue, microtrend fatigue, microtrend fatigue, fatigue, fatigue",
demo_shameless_community,Demo Shameless Community,comfort rewatches,Comfort Rewatches Comfort Rewatches Rewatches Rewatches Audience Fit,"comfort rewatches, comfort rewatches, rewatches, rewatches, comfort",55.33,High,6,5.166666666666666,1.0,0.0,gender,female,3,15,"For Demo Shameless Community, 'comfort rewatches' shows a data-derived Comfort Rewatches Comfort Rewatches Rewatches Rewatches Audience Fit opportunity. It has 6 posts, an engagement score of 5.17, a positive rate of 100.0%, and strongest visible audience segment female (gender).",73.5,93.6,88.0,100.0,0.0,Sponsor safe,High,86.4,High,6,3,0,"comfort rewatches, comfort rewatches, rewatches, rewatches, comfort","comfort rewatches, comfort rewatches, rewatches, rewatches, comfort",
demo_shameless_community,Demo Shameless Community,book to screen adaptations,Book Screen Adaptations Adaptations Book Screen Adaptations Book Screen Adaptations Audience Fit,"book screen adaptations, adaptations book screen, adaptations book, screen adaptations, book, adaptations",50.0,High,5,4.4,1.0,0.0,gender,female,2,16,"For Demo Shameless Community, 'book to screen adaptations' shows a data-derived Book Screen Adaptations Adaptations Book Screen Adaptations Book Screen Adaptations Audience Fit opportunity. It has 5 posts, an engagement score of 4.4, a positive rate of 100.0%, and strongest visible audience segment female (gender).",66.8,87.5,82.0,100.0,0.0,Sponsor safe,High,81.0,High,5,2,0,"book screen adaptations, adaptations book screen, adaptations book, screen adaptations, book, adaptations","book screen adaptations, adaptations book screen, adaptations book, screen adaptations, book, adaptations",
demo_shameless_community,Demo Shameless Community,pr relationships,Pr Relationships Pr Relationships Relationships Pr Audience Fit,"pr relationships, pr relationships, relationships, pr",48.0,Medium,6,3.5,1.0,0.0,gender,female,5,17,"For Demo Shameless Community, 'pr relationships' shows a data-derived Pr Relationships Pr Relationships Relationships Pr Audience Fit opportunity. It has 6 posts, an engagement score of 3.5, a positive rate of 100.0%, and strongest visible audience segment female (gender).",68.0,73.2,100.0,100.0,0.0,Sponsor safe,Medium,80.8,High,6,5,0,"pr relationships, pr relationships, relationships, pr","pr relationships, pr relationships, relationships, pr",
demo_shameless_community,Demo Shameless Community,movie press tours,Movie Press Tours Press Tours Movie Press Tours Movie Audience Fit,"movie press tours, press tours, movie press, tours movie, tours",47.5,High,5,4.6,0.8,0.0,industry,Healthcare,2,13,"For Demo Shameless Community, 'movie press tours' shows a data-derived Movie Press Tours Press Tours Movie Press Tours Movie Audience Fit opportunity. It has 5 posts, an engagement score of 4.6, a positive rate of 80.0%, and strongest visible audience segment Healthcare (industry).",63.4,84.6,68.0,100.0,0.0,Sponsor safe,High,76.2,High,5,2,0,"movie press tours, press tours, movie press, tours movie, tours","movie press tours, press tours, movie press, tours movie, tours",
demo_shameless_community,Demo Shameless Community,celebrity side hustles,Celebrity Hustles Circling Celebrity Hustles Hustles Celebrity Hustles Hustles Audience Fit,"celebrity hustles, circling celebrity hustles, hustles celebrity hustles, hustles, celebrity",56.0,Low,2,7.0,1.0,0.0,city,London,2,14,"For Demo Shameless Community, 'celebrity side hustles' shows a data-derived Celebrity Hustles Circling Celebrity Hustles Hustles Celebrity Hustles Hustles Audience Fit opportunity. It has 2 posts, an engagement score of 7.0, a positive rate of 100.0%, and strongest visible audience segment London (city).",63.8,73.4,82.0,100.0,0.0,Sponsor safe,Low,75.8,High,2,2,0,"celebrity hustles, circling celebrity hustles, hustles celebrity hustles, hustles, celebrity","celebrity hustles, circling celebrity hustles, hustles celebrity hustles, hustles, celebrity",
demo_shameless_community,Demo Shameless Community,nepo baby,Nepo Baby Nepo Baby Nepo Baby Nepo Baby Audience Fit,"nepo baby, nepo baby, nepo baby nepo, baby, nepo",45.0,Medium,5,3.8000000000000003,1.0,0.0,city,London,3,12,"For Demo Shameless Community, 'nepo baby' shows a data-derived Nepo Baby Nepo Baby Nepo Baby Nepo Baby Audience Fit opportunity. It has 5 posts, an engagement score of 3.8, a positive rate of 100.0%, and strongest visible audience segment London (city).",58.0,69.7,88.0,100.0,0.0,Sponsor safe,Medium,73.8,High,5,3,0,"nepo baby, nepo baby, nepo baby nepo, baby, nepo","nepo baby, nepo baby, nepo baby nepo, baby, nepo",
demo_shameless_community,Demo Shameless Community,award season,Award Season Season Award Season Award Season Audience Fit,"award season, season, award season, award season",53.0,Low,2,6.5,1.0,0.0,gender,female,2,13,"For Demo Shameless Community, 'award season' shows a data-derived Award Season Season Award Season Award Season Audience Fit opportunity. It has 2 posts, an engagement score of 6.5, a positive rate of 100.0%, and strongest visible audience segment female (gender).",59.8,70.0,82.0,100.0,0.0,Sponsor safe,Low,73.3,High,2,2,0,"award season, season, award season, award season","award season, season, award season, award season",
demo_shameless_community,Demo Shameless Community,internet overexposure,Internet Overexposure Internet Overexposure Internet Overexposure Internet Overexposure Audience Fit,"internet overexposure, internet overexposure, internet overexposure, internet overexposure, internet, circling internet",42.0,Medium,4,4.0,1.0,0.0,city,London,2,8,"For Demo Shameless Community, 'internet overexposure' shows a data-derived Internet Overexposure Internet Overexposure Internet Overexposure Internet Overexposure Audience Fit opportunity. It has 4 posts, an engagement score of 4.0, a positive rate of 100.0%, and strongest visible audience segment London (city).",48.9,66.3,82.0,100.0,0.0,Sponsor safe,Medium,68.4,Medium,4,2,0,"internet overexposure, internet overexposure, internet overexposure, internet overexposure, internet, circling internet","internet overexposure, internet overexposure, internet overexposure, internet overexposure, internet, circling internet",
demo_shameless_community,Demo Shameless Community,tabloid ethics,Tabloid Ethics Circling Circling Tabloid Ethics Tabloid Ethics Tabloid Ethics Tabloid Ethics Audience Fit,"tabloid ethics circling, circling tabloid ethics, tabloid ethics tabloid, ethics tabloid ethics, ethics circling tabloid, tabloid ethics",50.5,Low,1,7.0,1.0,0.0,city,Wellington,1,7,"For Demo Shameless Community, 'tabloid ethics' shows a data-derived Tabloid Ethics Circling Circling Tabloid Ethics Tabloid Ethics Tabloid Ethics Tabloid Ethics Audience Fit opportunity. It has 1 posts, an engagement score of 7.0, a positive rate of 100.0%, and strongest visible audience segment Wellington (city).",49.4,67.1,76.0,100.0,0.0,Sponsor safe,Low,67.6,Medium,1,1,0,"tabloid ethics circling, circling tabloid ethics, tabloid ethics tabloid, ethics tabloid ethics, ethics circling tabloid, tabloid ethics","tabloid ethics circling, circling tabloid ethics, tabloid ethics tabloid, ethics tabloid ethics, ethics circling tabloid, tabloid ethics",
demo_shameless_community,Demo Shameless Community,celebrity memoirs,Celebrity Memoirs Celebrity Memoirs Memoirs Celebrity Memoirs Celebrity Memoirs Audience Fit,"celebrity memoirs, celebrity memoirs, memoirs celebrity memoirs, celebrity memoirs, celebrity memoirs celebrity, memoirs",41.0,Low,2,4.5,1.0,0.0,industry,Healthcare,2,9,"For Demo Shameless Community, 'celebrity memoirs' shows a data-derived Celebrity Memoirs Celebrity Memoirs Memoirs Celebrity Memoirs Celebrity Memoirs Audience Fit opportunity. It has 2 posts, an engagement score of 4.5, a positive rate of 100.0%, and strongest visible audience segment Healthcare (industry).",44.1,56.1,82.0,100.0,0.0,Sponsor safe,Low,63.7,Medium,2,2,0,"celebrity memoirs, celebrity memoirs, memoirs celebrity memoirs, celebrity memoirs, celebrity memoirs celebrity, memoirs","celebrity memoirs, celebrity memoirs, memoirs celebrity memoirs, celebrity memoirs, celebrity memoirs celebrity, memoirs",
demo_shameless_community,Demo Shameless Community,brand founder scandals,Brand Founder Scandals Founder Scandals Brand Scandals Brand Founder Founder Scandals Audience Fit,"brand founder scandals, founder scandals brand, scandals brand founder, founder scandals, scandals brand, scandals",45.0,Low,1,6.0,1.0,0.0,city,Adelaide,1,6,"For Demo Shameless Community, 'brand founder scandals' shows a data-derived Brand Founder Scandals Founder Scandals Brand Scandals Brand Founder Founder Scandals Audience Fit opportunity. It has 1 posts, an engagement score of 6.0, a positive rate of 100.0%, and strongest visible audience segment Adelaide (city).",42.9,60.7,76.0,100.0,0.0,Sponsor safe,Low,63.4,Medium,1,1,0,"brand founder scandals, founder scandals brand, scandals brand founder, founder scandals, scandals brand, scandals","brand founder scandals, founder scandals brand, scandals brand founder, founder scandals, scandals brand, scandals",
demo_shameless_community,Demo Shameless Community,girlboss backlash,Girlboss Backlash Girlboss Backlash Girlboss Backlash Girlboss Backlash Audience Fit,"girlboss backlash, girlboss backlash, girlboss backlash, girlboss backlash, backlash, backlash",37.0,Medium,4,3.5,0.75,0.0,gender,female,2,8,"For Demo Shameless Community, 'girlboss backlash' shows a data-derived Girlboss Backlash Girlboss Backlash Girlboss Backlash Girlboss Backlash Audience Fit opportunity. It has 4 posts, an engagement score of 3.5, a positive rate of 75.0%, and strongest visible audience segment female (gender).",46.4,60.6,64.5,100.0,0.0,Sponsor safe,Medium,62.3,Medium,4,2,0,"girlboss backlash, girlboss backlash, girlboss backlash, girlboss backlash, backlash, backlash","girlboss backlash, girlboss backlash, girlboss backlash, girlboss backlash, backlash, backlash",
demo_shameless_community,Demo Shameless Community,sad girl pop,Pop Circling Sad Sad Girl Pop Girl Pop Sad Girl Audience Fit,"pop circling sad, sad girl pop, girl pop, sad girl",39.0,High,5,4.2,0.4,0.4,gender,non_binary,3,8,"For Demo Shameless Community, 'sad girl pop' shows a data-derived Pop Circling Sad Sad Girl Pop Girl Pop Sad Girl Audience Fit opportunity. It has 5 posts, an engagement score of 4.2, a positive rate of 40.0%, and strongest visible audience segment non_binary (gender).",54.3,74.9,46.0,60.0,40.0,Review before pitching,High,59.7,Medium,5,3,2,"pop circling sad, sad girl pop, girl pop, sad girl","pop circling sad, sad girl pop, girl pop, sad girl",
demo_shameless_community,Demo Shameless Community,poll you like guest more,Poll Like Guest Guest Poll Guest Host Chats Audience Fit,"poll like guest, guest poll, guest, host chats, like guest, host",39.5,Low,1,5.0,1.0,0.0,city,Newcastle,1,5,"For Demo Shameless Community, 'poll you like guest more' shows a data-derived Poll Like Guest Guest Poll Guest Host Chats Audience Fit opportunity. It has 1 posts, an engagement score of 5.0, a positive rate of 100.0%, and strongest visible audience segment Newcastle (city).",36.5,54.4,76.0,100.0,0.0,Sponsor safe,Low,59.3,Medium,1,1,0,"poll like guest, guest poll, guest, host chats, like guest, host","poll like guest, guest poll, guest, host chats, like guest, host",
demo_shameless_community,Demo Shameless Community,wellness rebrands,Wellness Rebrands Wellness Rebrands Wellness Rebrands Wellness Rebrands Wellness Rebrands Audience Fit,"wellness rebrands, wellness rebrands, wellness rebrands wellness, rebrands wellness rebrands, wellness rebrands, rebrands",39.5,Low,1,5.0,1.0,0.0,city,Sydney,1,5,"For Demo Shameless Community, 'wellness rebrands' shows a data-derived Wellness Rebrands Wellness Rebrands Wellness Rebrands Wellness Rebrands Wellness Rebrands Audience Fit opportunity. It has 1 posts, an engagement score of 5.0, a positive rate of 100.0%, and strongest visible audience segment Sydney (city).",36.5,54.4,76.0,100.0,0.0,Sponsor safe,Low,59.3,Medium,1,1,0,"wellness rebrands, wellness rebrands, wellness rebrands wellness, rebrands wellness rebrands, wellness rebrands, rebrands","wellness rebrands, wellness rebrands, wellness rebrands wellness, rebrands wellness rebrands, wellness rebrands, rebrands",
demo_shameless_community,Demo Shameless Community,cancelled tours,Cancelled Tours Cancelled Tours Cancelled Cancelled Tours Cancelled Tours Audience Fit,"cancelled tours, cancelled tours cancelled, cancelled tours, cancelled tours, tours, cancelled",28.0,Medium,3,2.0,1.0,0.0,city,Melbourne,1,4,"For Demo Shameless Community, 'cancelled tours' shows a data-derived Cancelled Tours Cancelled Tours Cancelled Cancelled Tours Cancelled Tours Audience Fit opportunity. It has 3 posts, an engagement score of 2.0, a positive rate of 100.0%, and strongest visible audience segment Melbourne (city).",28.8,50.2,76.0,100.0,0.0,Sponsor safe,Medium,55.3,Medium,3,1,0,"cancelled tours, cancelled tours cancelled, cancelled tours, cancelled tours, tours, cancelled","cancelled tours, cancelled tours cancelled, cancelled tours, cancelled tours, tours, cancelled",
demo_shameless_community,Demo Shameless Community,have redemption arcs,Redemption Arcs Redemption Arcs Redemption Arcs Redemption Arcs Redemption Audience Fit,"redemption arcs, redemption arcs, redemption arcs, redemption arcs redemption, arcs redemption arcs, redemption",34.0,Low,1,4.0,1.0,0.0,city,Wellington,1,4,"For Demo Shameless Community, 'have redemption arcs' shows a data-derived Redemption Arcs Redemption Arcs Redemption Arcs Redemption Arcs Redemption Audience Fit opportunity. It has 1 posts, an engagement score of 4.0, a positive rate of 100.0%, and strongest visible audience segment Wellington (city).",30.1,48.1,76.0,100.0,0.0,Sponsor safe,Low,55.2,Medium,1,1,0,"redemption arcs, redemption arcs, redemption arcs, redemption arcs redemption, arcs redemption arcs, redemption","redemption arcs, redemption arcs, redemption arcs, redemption arcs redemption, arcs redemption arcs, redemption",
demo_shameless_community,Demo Shameless Community,redemption arcs,Redemption Arcs Redemption Arcs Redemption Arcs Redemption Arcs Redemption Audience Fit,"redemption arcs, redemption arcs, redemption arcs, redemption arcs redemption, redemption arcs, arcs redemption arcs",34.0,Low,1,4.0,1.0,0.0,city,Auckland,1,4,"For Demo Shameless Community, 'redemption arcs' shows a data-derived Redemption Arcs Redemption Arcs Redemption Arcs Redemption Arcs Redemption Audience Fit opportunity. It has 1 posts, an engagement score of 4.0, a positive rate of 100.0%, and strongest visible audience segment Auckland (city).",30.1,48.1,76.0,100.0,0.0,Sponsor safe,Low,55.2,Medium,1,1,0,"redemption arcs, redemption arcs, redemption arcs, redemption arcs redemption, redemption arcs, arcs redemption arcs","redemption arcs, redemption arcs, redemption arcs, redemption arcs redemption, redemption arcs, arcs redemption arcs",
demo_shameless_community,Demo Shameless Community,the fame fatigue chat,Fame Fatigue Chat Fame Fatigue Fame Fatigue Fatigue Chat Audience Fit,"fame fatigue chat, fame fatigue, fame fatigue, fatigue chat, fame, chat fame",34.0,Low,1,4.0,1.0,0.0,city,Bristol,1,4,"For Demo Shameless Community, 'the fame fatigue chat' shows a data-derived Fame Fatigue Chat Fame Fatigue Fame Fatigue Fatigue Chat Audience Fit opportunity. It has 1 posts, an engagement score of 4.0, a positive rate of 100.0%, and strongest visible audience segment Bristol (city).",30.1,48.1,76.0,100.0,0.0,Sponsor safe,Low,55.2,Medium,1,1,0,"fame fatigue chat, fame fatigue, fame fatigue, fatigue chat, fame, chat fame","fame fatigue chat, fame fatigue, fame fatigue, fatigue chat, fame, chat fame",
demo_shameless_community,Demo Shameless Community,guest,Guest Guest Guest Guest Guest Audience Fit,"guest, guest, guest, guest guest",28.5,Low,2,2.5,1.0,0.0,city,Canberra,1,4,"For Demo Shameless Community, 'guest' shows a data-derived Guest Guest Guest Guest Guest Audience Fit opportunity. It has 2 posts, an engagement score of 2.5, a positive rate of 100.0%, and strongest visible audience segment Canberra (city).",26.9,41.8,76.0,100.0,0.0,Sponsor safe,Low,52.2,Medium,2,1,0,"guest, guest, guest, guest guest","guest, guest, guest, guest guest",
demo_shameless_community,Demo Shameless Community,parasocial friendship,Parasocial Friendship Parasocial Friendship Parasocial Friendship Parasocial Friendship Friendship Parasocial Audience Fit,"parasocial friendship parasocial, friendship parasocial friendship, parasocial friendship, friendship parasocial, friendship",22.0,Medium,3,1.0,1.0,0.0,city,Adelaide,2,2,"For Demo Shameless Community, 'parasocial friendship' shows a data-derived Parasocial Friendship Parasocial Friendship Parasocial Friendship Parasocial Friendship Friendship Parasocial Audience Fit opportunity. It has 3 posts, an engagement score of 1.0, a positive rate of 100.0%, and strongest visible audience segment Adelaide (city).",21.0,43.3,82.0,100.0,0.0,Sponsor safe,Medium,51.7,Medium,3,2,0,"parasocial friendship parasocial, friendship parasocial friendship, parasocial friendship, friendship parasocial, friendship","parasocial friendship parasocial, friendship parasocial friendship, parasocial friendship, friendship parasocial, friendship",
demo_shameless_community,Demo Shameless Community,messy celeb interviews,Messy Celeb Interviews Celeb Interviews Messy Interviews Messy Celeb Messy Celeb Audience Fit,"messy celeb interviews, celeb interviews messy, interviews messy celeb, messy celeb, interviews, messy",26.34,Medium,3,2.333333333333333,0.667,0.333,city,Brisbane,2,4,"For Demo Shameless Community, 'messy celeb interviews' shows a data-derived Messy Celeb Interviews Celeb Interviews Messy Interviews Messy Celeb Messy Celeb Audience Fit opportunity. It has 3 posts, an engagement score of 2.33, a positive rate of 66.7%, and strongest visible audience segment Brisbane (city).",30.5,48.3,58.7,66.7,33.3,Moderate risk,Medium,46.9,Medium,3,2,1,"messy celeb interviews, celeb interviews messy, interviews messy celeb, messy celeb, interviews, messy","messy celeb interviews, celeb interviews messy, interviews messy celeb, messy celeb, interviews, messy",
demo_shameless_community,Demo Shameless Community,long read the celebrity memoir boom,Celebrity Memoir Boom Read Celebrity Memoir Long Read Celebrity Memoir Boom Long Audience Fit,"celebrity memoir boom, read celebrity memoir, long read celebrity, memoir boom long, memoir boom, long read",23.0,Low,1,2.0,1.0,0.0,city,Wellington,1,2,"For Demo Shameless Community, 'long read the celebrity memoir boom' shows a data-derived Celebrity Memoir Boom Read Celebrity Memoir Long Read Celebrity Memoir Boom Long Audience Fit opportunity. It has 1 posts, an engagement score of 2.0, a positive rate of 100.0%, and strongest visible audience segment Wellington (city).",17.2,35.5,76.0,100.0,0.0,Sponsor safe,Low,46.9,Medium,1,1,0,"celebrity memoir boom, read celebrity memoir, long read celebrity, memoir boom long, memoir boom, long read","celebrity memoir boom, read celebrity memoir, long read celebrity, memoir boom long, memoir boom, long read",
demo_shameless_community,Demo Shameless Community,smartest dumb watch,Smartest Dumb Watch Dumb Watch Smartest Dumb Watch April Dumb Watch Audience Fit,"smartest dumb watch, dumb watch smartest, dumb watch april, dumb watch, recs smartest, april recs",23.0,Low,1,2.0,1.0,0.0,city,Bristol,1,2,"For Demo Shameless Community, 'smartest dumb watch' shows a data-derived Smartest Dumb Watch Dumb Watch Smartest Dumb Watch April Dumb Watch Audience Fit opportunity. It has 1 posts, an engagement score of 2.0, a positive rate of 100.0%, and strongest visible audience segment Bristol (city).",17.2,35.5,76.0,100.0,0.0,Sponsor safe,Low,46.9,Medium,1,1,0,"smartest dumb watch, dumb watch smartest, dumb watch april, dumb watch, recs smartest, april recs","smartest dumb watch, dumb watch smartest, dumb watch april, dumb watch, recs smartest, april recs",
demo_shameless_community,Demo Shameless Community,what's your comfort rewatch,Comfort Rewatch Comfort Comfort Rewatch Rewatch Comfort Rewatch Comfort Rewatch Audience Fit,"comfort rewatch comfort, comfort rewatch, rewatch comfort rewatch, comfort rewatch, rewatch comfort, rewatch",23.0,Low,1,2.0,1.0,0.0,city,Auckland,1,2,"For Demo Shameless Community, 'what's your comfort rewatch' shows a data-derived Comfort Rewatch Comfort Comfort Rewatch Rewatch Comfort Rewatch Comfort Rewatch Audience Fit opportunity. It has 1 posts, an engagement score of 2.0, a positive rate of 100.0%, and strongest visible audience segment Auckland (city).",17.2,35.5,76.0,100.0,0.0,Sponsor safe,Low,46.9,Medium,1,1,0,"comfort rewatch comfort, comfort rewatch, rewatch comfort rewatch, comfort rewatch, rewatch comfort, rewatch","comfort rewatch comfort, comfort rewatch, rewatch comfort rewatch, comfort rewatch, rewatch comfort, rewatch",
demo_shameless_community,Demo Shameless Community,would you shameless live listen melbourne,Listen Melbourne Shameless Melbourne Shameless Live Melbourne Shameless Live Listen Melbourne Audience Fit,"listen melbourne shameless, melbourne shameless live, melbourne shameless, live listen melbourne, shameless live, live",18.5,Low,1,3.0,0.0,1.0,city,London,1,3,"For Demo Shameless Community, 'would you shameless live listen melbourne' shows a data-derived Listen Melbourne Shameless Melbourne Shameless Live Melbourne Shameless Live Listen Melbourne Audience Fit opportunity. It has 1 posts, an engagement score of 3.0, a positive rate of 0.0%, and strongest visible audience segment London (city).",23.7,30.3,6.0,0.0,100.0,Review before pitching,Low,18.6,Low,1,1,1,"listen melbourne shameless, melbourne shameless live, melbourne shameless, live listen melbourne, shameless live, live","listen melbourne shameless, melbourne shameless live, melbourne shameless, live listen melbourne, shameless live, live",
