user_id,created_at,username,city,industry,gender
92a2012e-738d-4a74-becf-07dd07ab44f7,2026-01-07 08:36:00+00:00,lila,Wellington,Advertising,female
ec455a41-4c72-4c7d-9ace-89f42929f39e,2026-01-07 14:12:00+00:00,brookea,London,Student,female
03ec60cf-e03a-4715-87b7-3a25540371c5,2026-01-09 19:18:00+00:00,penny66,Bristol,Education,female
51efd9cc-9dd5-4483-b6de-ee8e728b82e9,2026-01-10 21:31:00+00:00,paige69,Brisbane,Healthcare,female
3c46fc4c-22a4-4dca-9078-1eb0d5d529cc,2026-01-12 09:48:00+00:00,mads,London,Legal,male
b3cbce25-bcfc-4039-8e81-460817f8514c,2026-01-13 20:23:00+00:00,poppy_club,London,Government,female
d3f621e6-367a-4f80-8697-80ba92f7badd,2026-01-15 07:07:00+00:00,amber,Singapore,Media,female
58ad7369-9022-4f95-86f9-335a110046e9,2026-01-16 07:44:00+00:00,lauren,London,Healthcare,female
8c3853ef-e9fd-489e-a00e-c4e6de6388c3,2026-01-16 19:48:00+00:00,soph,Bristol,Healthcare,female
5da88215-4f77-44b8-b2cb-a57a3effeaeb,2026-01-17 20:12:00+00:00,immy79,Perth,Nonprofit,non_binary
4eb03957-f10e-4b75-bf7a-e922dee56941,2026-01-18 19:12:00+00:00,clara,Wellington,Consulting,female
b9c72815-43ef-4b19-bccc-3fef787c4ac1,2026-01-19 10:37:00+00:00,alixs,Brisbane,Hospitality,female
97bca700-cb0e-4868-b443-49a209c71436,2026-01-19 10:37:00+00:00,billiexo,Brisbane,Fashion,female
64bf7b66-caf8-4812-90d6-79cc29ed42f0,2026-01-19 17:31:00+00:00,elsie_club,Canberra,Education,non_binary
89e3d5b0-9ffa-4b84-9837-12945ddb3d21,2026-01-20 08:31:00+00:00,mabelnotes,London,Student,non_binary
7b71142d-776d-422c-9dd8-e8a1db4563e1,2026-01-20 11:23:00+00:00,layla,Wellington,Marketing,female
7716d5c5-f68c-4d02-b068-a9e35a9545c4,2026-01-20 12:31:00+00:00,sasha_zz,Adelaide,Advertising,female
9ba6b3ef-a67d-4c75-8a80-6c6e24b25df8,2026-01-21 11:18:00+00:00,rory,Auckland,Marketing,female
15a926f0-a4aa-4929-b777-0de0a0766005,2026-01-21 13:31:00+00:00,jas27,Adelaide,Advertising,non_binary
d48cb34a-67cb-4a35-ab29-05b3fd2d2699,2026-01-22 10:18:00+00:00,ana,London,Nonprofit,male
1cd08dc2-828c-4d97-8b17-3b079715f730,2026-01-22 12:52:00+00:00,ava14,Manchester,Finance,non_binary
f05ef61f-edff-45d5-8e96-43c885ff52fa,2026-01-22 13:31:00+00:00,harper_x,London,Healthcare,female
6dca20f2-303d-4147-b771-5f0a38fac63b,2026-01-22 13:52:00+00:00,bonnie,Auckland,Hospitality,non_binary
22a3f78b-16d8-4718-9085-766402ed32d9,2026-01-24 20:18:00+00:00,megan,Singapore,Nonprofit,female
6282edfc-8011-4fa6-b0a1-a461e37f1c3b,2026-01-24 20:23:00+00:00,dani54,Melbourne,Healthcare,prefer_not_to_say
57254094-158a-464b-be9a-442de9fac673,2026-01-25 07:07:00+00:00,stellab,Melbourne,Publishing,prefer_not_to_say
f52c4283-9860-42f4-ba08-073be0806bed,2026-01-25 10:44:00+00:00,kiki,Christchurch,Nonprofit,female
ee6ea00c-f6d0-4db3-930a-3ceb13e0b9cb,2026-01-25 17:31:00+00:00,heidi33,Manchester,Marketing,non_binary
c46eb7b5-1cd6-4b09-97c3-0cb70933c953,2026-01-26 07:12:00+00:00,fern,Manchester,Consulting,female
9c9b8078-33fe-4ae9-b3b2-6933afd5d7e5,2026-01-26 13:31:00+00:00,billie97,Adelaide,Publishing,female
971b74b9-34b6-4d68-b86b-6374e2cf764f,2026-01-26 18:00:00+00:00,remis,Bristol,Nonprofit,male
1b32c62a-1a6d-423f-ade9-ec47fd5ec9e0,2026-01-27 07:07:00+00:00,fiona32,Christchurch,Technology,male
2950f395-b4ba-49ad-aaeb-23aabd73d08d,2026-01-27 07:23:00+00:00,bea,Gold Coast,Media,female
06264520-0673-4fc6-9c00-5b829fd744dc,2026-01-27 11:37:00+00:00,mabel,Brisbane,Education,female
5e0b4d27-4b10-4687-a0dd-80942e6551d6,2026-01-27 13:12:00+00:00,darcy51,London,Healthcare,female
1a0e9e4a-7835-4dbb-8565-39ad345e086f,2026-01-27 18:52:00+00:00,lara_b,Hobart,Government,female
b09208d7-39f5-4e12-b9b2-f069b81a344f,2026-01-27 20:12:00+00:00,elsie,Melbourne,Marketing,male
bd7c68e4-dbd3-42dd-a87e-932ce8096d75,2026-01-27 20:52:00+00:00,nell35,Gold Coast,Technology,prefer_not_to_say
ed453f6c-f309-4400-a99f-f69648f7f2d0,2026-01-28 17:31:00+00:00,emmie62,Sydney,Media,non_binary
0b156384-ee28-4672-a35a-b08d7eade4f1,2026-01-28 19:07:00+00:00,thea,Bristol,Technology,male
2b45a69d-9c7d-49d0-b5e6-f94c40a15556,2026-01-28 21:00:00+00:00,kate92,Adelaide,Technology,male
66c36fbf-b638-48b9-82db-f015331857ba,2026-01-29 12:52:00+00:00,isla_x,Manchester,Student,female
07c76569-1d23-4fcc-b263-bddc7f5f03b6,2026-01-29 17:00:00+00:00,pearl93,Melbourne,Hospitality,prefer_not_to_say
17054a57-c219-47c5-b988-4a123b4d4c11,2026-01-30 07:12:00+00:00,ayla,Wellington,Consulting,prefer_not_to_say
f6f286e6-7a01-4d2c-831c-9fc313bc06e3,2026-01-30 09:52:00+00:00,georgia31,Auckland,Advertising,non_binary
797680b7-038f-4535-9c3b-4af72d637bc4,2026-01-30 12:18:00+00:00,alixclub,Melbourne,Education,female
5dafba5f-6e82-4bb0-a20e-e0fcdc606691,2026-01-30 13:00:00+00:00,ash,Auckland,Finance,female
44f0b95b-33a1-4be1-9b55-d4790f1cc3e8,2026-01-30 17:52:00+00:00,sienna,Manchester,Technology,prefer_not_to_say
b2987bbc-f9a0-4c19-8284-1222f9ff0ff6,2026-01-31 11:12:00+00:00,ria,Adelaide,Advertising,non_binary
22658365-fc66-4572-9dfa-f9735610cd06,2026-02-01 09:31:00+00:00,esme,Singapore,Technology,female
0a2bd15c-032c-469b-8e64-1dcd35f614fc,2026-02-02 08:23:00+00:00,norab,London,Retail,female
af539199-de83-4688-9b2a-e07b09231d2a,2026-02-02 19:52:00+00:00,delia_daily,Melbourne,Finance,non_binary
1ad0c842-ea5f-4ad6-ac79-dc47f03df733,2026-02-02 20:31:00+00:00,evie,Perth,Marketing,male
34d78b3a-f872-48c9-8a28-b157f9c3f0c1,2026-02-03 11:31:00+00:00,emmie3,Newcastle,Education,female
059eea4f-2a6f-4ae6-a848-b91746bba08e,2026-02-04 09:12:00+00:00,bella_club,Brisbane,Technology,female
3e4ada96-2fe6-4734-af3f-a0a86dd5c46f,2026-02-04 21:37:00+00:00,mila40,Brisbane,Publishing,male
0f228283-499d-4d2d-bcc1-7272fbae8c72,2026-02-05 08:00:00+00:00,sabrina88,Brisbane,Healthcare,female
41635a0f-0c1a-419d-9335-974c6960e5a9,2026-02-05 09:12:00+00:00,jules53,Sydney,Retail,female
17eac12e-dc57-4d2a-95cd-4df70b20e144,2026-02-05 10:23:00+00:00,coco,Adelaide,Student,male
30e3dc10-27da-46ca-a33a-72d218fee6ec,2026-02-05 12:18:00+00:00,pearl16,Christchurch,Publishing,female
19f2ec2b-a1e3-4519-84fa-d81188027b81,2026-02-05 13:31:00+00:00,nell_xo,Sydney,Healthcare,male
6d66c1c2-9ed8-4b9e-bc4b-720a027cfcc6,2026-02-05 19:00:00+00:00,lottiea,Singapore,Consulting,male
2e1f8d5b-b4dd-4558-bd68-4d9437ac2893,2026-02-06 10:12:00+00:00,sabrina_notes,Hobart,Media,female
435d8036-13cd-4902-a08e-a3800de61d0e,2026-02-06 17:23:00+00:00,eliza,Canberra,Media,female
15b7b91a-1056-4301-9001-447a3decbf53,2026-02-06 18:00:00+00:00,elizazz,Sydney,Government,female
a5c0a547-9d52-4ef7-959e-82b1d3f8e0c1,2026-02-06 18:52:00+00:00,stella,Singapore,Consulting,female
46700dca-926f-4da6-8b42-bd0228cb799e,2026-02-06 20:31:00+00:00,remi22,Sydney,Healthcare,female
e6716ed7-f5f8-4f76-8b16-786cb55b5c1a,2026-02-07 12:52:00+00:00,rubyx,Auckland,Government,female
34d1b063-7add-4340-ae45-d2ed97f1a34c,2026-02-07 13:52:00+00:00,mila,Christchurch,Media,female
fa3fabd0-38ca-4d43-a274-3deee2633ae3,2026-02-08 19:07:00+00:00,casshq,Adelaide,Publishing,female
6a7e4ed2-ba2b-4bf7-96ac-d65968586436,2026-02-09 10:37:00+00:00,lucy,Canberra,Retail,female
c11195d8-c657-4401-abb5-f1830ef82a72,2026-02-09 12:18:00+00:00,jules,Newcastle,Finance,female
1fd42c2d-fadb-4794-8d33-f4eefae244ac,2026-02-10 08:12:00+00:00,cleo,Auckland,Healthcare,non_binary
b0a44120-60d8-4e70-9e80-ba3f54a4cd16,2026-02-10 13:52:00+00:00,indi7,Singapore,Fashion,prefer_not_to_say
9554952b-0c64-41d0-bb98-13281709f643,2026-02-10 19:37:00+00:00,eden,Perth,Education,prefer_not_to_say
f5984d39-e284-42e8-8ba7-5bb425a0a5bc,2026-02-11 10:44:00+00:00,hallezz,Bristol,Technology,male
0b57c2ff-0f7a-48da-aa64-7267e2bcb687,2026-02-11 10:52:00+00:00,indi,Perth,Education,female
317197bc-cb0c-419a-9ee3-47442a2a4d44,2026-02-11 17:37:00+00:00,job,Wellington,Student,female
7f39d49f-9c12-4e0e-a1b9-39bed12bbf31,2026-02-12 09:44:00+00:00,gemmanotes,Wellington,Technology,non_binary
df753451-db20-4a8e-99e2-ff167133ef8b,2026-02-13 07:12:00+00:00,cam,Adelaide,Finance,female
e3c96c28-de69-4eb3-ae92-a701f779dfcf,2026-02-13 09:44:00+00:00,hazel15,Christchurch,Healthcare,non_binary
106f20bd-afd0-4abd-9b2b-915f956d86e6,2026-02-13 12:00:00+00:00,nora41,Wellington,Media,female
418c1723-77e8-49d5-a2e3-783101b6ed9e,2026-02-13 12:37:00+00:00,frankie,Adelaide,Legal,non_binary
26ea0c6b-e2be-4c73-8b4a-ea05405e5aaf,2026-02-13 18:37:00+00:00,willa55,Gold Coast,Student,prefer_not_to_say
36440350-a43e-4388-b514-a9a691954bc9,2026-02-13 20:37:00+00:00,mae,Auckland,Healthcare,non_binary
910e8f63-b379-4ae9-8895-6b87cc330335,2026-02-14 11:52:00+00:00,remizz,Wellington,Education,male
cdec4c8a-245c-45c0-b460-1088a8215823,2026-02-14 19:52:00+00:00,freya,Brisbane,Technology,female
ce0c2aaa-c5bb-41aa-8a03-c59a5493f14c,2026-02-14 20:44:00+00:00,ava,Auckland,Technology,prefer_not_to_say
093684bb-6a1f-4d14-837c-95e73edfe995,2026-02-15 08:23:00+00:00,drew,Manchester,Education,prefer_not_to_say
9920aaba-838a-41bd-b9cc-2a2be9b4f197,2026-02-15 12:07:00+00:00,poppy,London,Consulting,female
5e8ac443-1147-4cc2-9cc4-845f0ceecad9,2026-02-15 19:18:00+00:00,iris,Brisbane,Government,male
0bf84a80-6729-4c12-80af-652ef37f5f0b,2026-02-16 11:23:00+00:00,beth,Christchurch,Technology,female
f97fc0e9-dace-4428-8859-ad8ebd2532fd,2026-02-16 18:00:00+00:00,tara,Newcastle,Hospitality,female
17bb260a-3064-4c39-937e-f3e36ac5549e,2026-02-16 21:44:00+00:00,josie75,Gold Coast,Healthcare,female
5ba27d3d-ac03-42e9-931a-893a0bc836f6,2026-02-17 09:36:00+00:00,nia,Bristol,Fashion,female
f6819374-e53e-4919-90db-67893b46a553,2026-02-17 17:00:00+00:00,tess,Sydney,Education,female
4cca996c-dea3-42ff-aa43-0212eb63d16c,2026-02-17 21:07:00+00:00,islax,Gold Coast,Healthcare,female
e015e5d5-1e1b-4de7-844a-ac88c7e3ae16,2026-02-20 08:31:00+00:00,mimi42,Christchurch,Marketing,female
d79bf016-c397-415a-822a-ad1595ec6dc4,2026-02-20 11:31:00+00:00,ana76,Auckland,Finance,male
9c5ff107-b6e3-49b9-a880-14a8d4a6055a,2026-02-20 12:44:00+00:00,coco_daily,Wellington,Healthcare,prefer_not_to_say
0d48de63-30c6-4b79-ae1c-6751ae183c0e,2026-02-21 18:12:00+00:00,roryclub,Singapore,Publishing,female
5306ce59-5a75-4aa7-93a4-556076ea0a35,2026-02-21 20:31:00+00:00,emmie,Hobart,Fashion,female
cb49507b-0cde-4169-8ce8-1e8a7c14f696,2026-02-22 08:23:00+00:00,rubyxo,Perth,Technology,male
6c12eb3b-3eb9-4afc-9ba2-f8d2ef138af0,2026-02-22 17:52:00+00:00,harper,Melbourne,Retail,male
46d8198a-c82a-4508-a7f9-67f2802aa7fe,2026-02-22 19:37:00+00:00,blair74,Newcastle,Student,female
18b0c473-c73e-4788-9fcc-044364aa5b1f,2026-02-22 19:37:00+00:00,lara,Manchester,Technology,prefer_not_to_say
37ff55fb-7f56-490d-a711-e1f8998e18a4,2026-02-23 10:31:00+00:00,islaclub,Manchester,Marketing,female
f0405a2b-81b7-469f-869b-60a3f3492dd5,2026-02-23 17:44:00+00:00,tilly,Newcastle,Healthcare,female
465c489c-3cf7-4689-84eb-1e50fe97d34e,2026-02-24 07:44:00+00:00,siennanotes,Gold Coast,Healthcare,female
91c1b088-ff59-4d0f-82e0-d34085ae4afd,2026-02-25 09:52:00+00:00,astrid,Christchurch,Healthcare,non_binary
f97e3d10-e2db-475f-bf73-9786196958f3,2026-02-25 09:52:00+00:00,larab,London,Marketing,non_binary
4b1a5a60-213b-47c4-b505-e6feba9bb3f1,2026-02-25 11:00:00+00:00,gigixo,Manchester,Legal,female
7536b309-735c-4261-a2fd-521e379a5ca4,2026-02-25 17:18:00+00:00,annieb,Perth,Marketing,female
1e4ad8d4-4bcd-4d5c-a1ff-2cde76afe6f2,2026-02-25 17:18:00+00:00,kiki97,Singapore,Education,female
dd845e5e-66d9-4f8f-b285-b5c81ea0c58e,2026-02-25 19:23:00+00:00,willa3,Melbourne,Finance,female
1cd284d2-d99c-4b5e-80a0-59a378b1b1de,2026-02-25 20:31:00+00:00,willa23,Christchurch,Hospitality,male
1c685bd4-a8dc-48db-aeca-bab50ba7438f,2026-02-26 09:07:00+00:00,esme95,Auckland,Education,female
b083f2fd-8434-4455-a0ee-c9cf09047e9a,2026-02-26 11:12:00+00:00,ada,Melbourne,Fashion,prefer_not_to_say
9f9b5bc7-0132-49a8-89a5-350646035ac7,2026-02-26 12:37:00+00:00,greta,Wellington,Retail,female
d166e831-26a9-40e0-a695-15fc5c03cd78,2026-02-26 21:07:00+00:00,layla_x,Melbourne,Government,non_binary
52d8d2f6-2f20-42a0-8fd3-ffd5617e7658,2026-02-27 12:07:00+00:00,violet80,Sydney,Advertising,prefer_not_to_say
0aa572d3-7ed3-4350-a9ef-3dcdc9706048,2026-02-27 18:18:00+00:00,millie54,Adelaide,Marketing,prefer_not_to_say
adcc0798-5cf1-4160-b39f-6d8b5e65f5b1,2026-02-27 21:00:00+00:00,yasmin,Singapore,Government,female
0de10935-82c6-49b8-a637-a5cf8c72feeb,2026-03-02 08:31:00+00:00,beth_x,Adelaide,Media,male
f45f347c-ec6c-4f62-b63a-6ef5dfa17249,2026-03-02 17:12:00+00:00,willa,Brisbane,Finance,prefer_not_to_say
3521c036-49a2-47c2-990f-378b7d62f0b2,2026-03-04 08:07:00+00:00,deliab,Hobart,Marketing,non_binary
ff4821bb-9f45-4de9-86fa-ecf043c2032a,2026-03-04 13:23:00+00:00,rosahq,London,Education,male
30f1be84-2193-47b8-a20e-cf46d2cf6b76,2026-03-04 17:07:00+00:00,sasha_notes,Adelaide,Media,male
bbc73ce5-c560-4c00-a5ed-dd4894dc8188,2026-03-04 17:18:00+00:00,thea_hq,Christchurch,Hospitality,male
4d7418d0-b0c1-441d-9365-e1f5c7cd85c2,2026-03-04 19:44:00+00:00,bellaclub,Adelaide,Healthcare,female
436802f6-b0e0-4c9c-92bc-8a06e8707861,2026-03-04 20:31:00+00:00,celeste_notes,Adelaide,Healthcare,female
99a8bb1e-a774-4a17-b50c-77c9cb5a0c03,2026-03-05 11:18:00+00:00,elsie17,Hobart,Retail,non_binary
0e756888-75a5-4e50-8dfe-34fe951598ae,2026-03-05 19:44:00+00:00,gemma15,Gold Coast,Student,female
019262fe-d261-4b09-b81f-1457751a5237,2026-03-05 20:37:00+00:00,theanotes,Christchurch,Media,female
c16a2b14-7129-47e3-87b1-4b49ca9aa552,2026-03-07 07:23:00+00:00,sabrina,Adelaide,Student,male
695c8b1e-fb49-4374-aeae-82fc348f2356,2026-03-07 08:07:00+00:00,quinns,Canberra,Education,female
fcf6ae40-6003-422e-83a3-52c02a8d1cd6,2026-03-07 08:44:00+00:00,nora24,Christchurch,Media,non_binary
83a0f50f-708c-4787-b4cf-45b044f3f237,2026-03-08 07:44:00+00:00,irisclub,Perth,Legal,prefer_not_to_say
72d504f3-03e9-4e2d-a6b7-48342af2655c,2026-03-08 11:31:00+00:00,tess13,Auckland,Retail,prefer_not_to_say
ac9667d2-6362-4f08-b804-25786c9d0a43,2026-03-08 17:52:00+00:00,jane,Manchester,Fashion,prefer_not_to_say
9030281e-fb7d-45d7-987e-542ad139c790,2026-03-08 21:07:00+00:00,lexi,Sydney,Legal,female
3e194cfd-a410-49bc-a616-2390c0a3f125,2026-03-09 09:23:00+00:00,drewa,Brisbane,Retail,female
8fcdfbfa-cd04-44b6-86d1-dc1fef1beffc,2026-03-09 20:37:00+00:00,olivianotes,Manchester,Technology,female
577ed759-7e42-4251-a832-b7d1acb65208,2026-03-10 09:23:00+00:00,heidi_notes,London,Marketing,male
852fc399-b661-4baf-a7bd-cb3f7fe4a9aa,2026-03-10 13:23:00+00:00,ivy,Sydney,Hospitality,female
5b3ca4ae-41e6-4e76-9c71-bdf7d8c812d6,2026-03-10 17:00:00+00:00,harper16,Manchester,Student,male
d600f83e-b9a8-4eb4-85dd-e317258a06a5,2026-03-10 21:12:00+00:00,fern37,Manchester,Technology,female
a0f82cbd-f87b-4f1c-a6d4-1627152f14d0,2026-03-10 21:44:00+00:00,quinn55,Perth,Finance,female
53c3ca49-fd20-4d62-a9f0-e446082e75e9,2026-03-11 08:12:00+00:00,billie,Singapore,Technology,male
50bdefa7-df24-4160-ac9c-a66492b578e0,2026-03-11 13:07:00+00:00,sadie,Newcastle,Finance,female
274354bb-3aa8-4c84-9b6f-38f0fe9b6743,2026-03-14 09:07:00+00:00,lexidaily,Canberra,Healthcare,female
c561ed09-737b-4d17-b7f0-8b46fb7c42bc,2026-03-14 09:31:00+00:00,jasb,Auckland,Publishing,female
9b4cf068-fe95-4bf7-9045-25e69252a9c3,2026-03-14 17:52:00+00:00,beth_hq,Christchurch,Marketing,prefer_not_to_say
9e926af6-7e11-4c1e-9b9c-dfdd7505d644,2026-03-14 19:44:00+00:00,sabrina81,Singapore,Media,male
c1630bbf-f5b1-4534-b88c-f4f73e6ca7fa,2026-03-14 21:12:00+00:00,sadie50,Manchester,Finance,female
52699108-c042-41ad-bec2-48131d1a0d97,2026-03-15 07:44:00+00:00,jules72,Perth,Publishing,female
f22c161a-296d-408a-879b-8d52aeca9de5,2026-03-15 09:37:00+00:00,sabrina_zz,Auckland,Finance,male
33ec1820-3da3-4053-9b85-c971d398e952,2026-03-15 12:18:00+00:00,ashhq,Bristol,Marketing,female
d771018c-2c5e-4bef-a426-d16b96b8298d,2026-03-15 12:37:00+00:00,beth_daily,Wellington,Media,female
25893a3e-6be3-4f18-9831-a63e36f850a5,2026-03-15 21:44:00+00:00,nora,Wellington,Technology,male
65d02f9e-aebb-498e-933c-3c07c237f4c5,2026-03-16 17:52:00+00:00,darcy_x,Hobart,Government,male
5c8dd240-fa2f-44d9-8cf5-7d878eeae998,2026-03-16 20:37:00+00:00,laylaxo,London,Healthcare,non_binary
0e2e8b25-8034-453b-b561-ecb66831343f,2026-03-18 13:37:00+00:00,sasha,Manchester,Publishing,female
52fa611a-ad59-4649-83e9-37c6d73a4a55,2026-03-18 19:12:00+00:00,ella,Wellington,Media,non_binary
1e89dda9-18f6-4def-9abf-5bf0290cc970,2026-03-19 19:31:00+00:00,arielzz,Sydney,Government,female
89824f67-3399-4621-8af2-e26fdd02d511,2026-03-20 08:44:00+00:00,remi,Perth,Retail,female
1dd10e32-0b60-4b2c-aeb5-9bf69341aa7e,2026-03-20 08:52:00+00:00,pipers,Bristol,Legal,female
d5c5afe9-360c-45b0-96ad-7a804306d919,2026-03-20 12:23:00+00:00,cass,Auckland,Media,prefer_not_to_say
3c328caf-a188-4e5b-ba10-45f70f18c6b8,2026-03-21 07:44:00+00:00,hazel_s,Hobart,Education,prefer_not_to_say
81a7a0cf-8aed-43c6-8ea3-7a2d7ff18e6e,2026-03-21 18:37:00+00:00,layla14,Perth,Publishing,female
35ecaaf6-631d-4450-b03b-c2c7240d3c7f,2026-03-21 21:31:00+00:00,yasmin37,Bristol,Student,female
9974db51-7ba8-4e66-ae4f-6b9a1d55ad10,2026-03-22 07:44:00+00:00,matildadaily,Gold Coast,Student,female
b5c875cb-0b83-4eef-a232-0c1a5cf0820b,2026-03-22 10:52:00+00:00,olive,Manchester,Finance,prefer_not_to_say
a5bfd86c-25cb-4bc6-9cff-251544326418,2026-03-22 20:18:00+00:00,delia98,Bristol,Finance,prefer_not_to_say
de66550f-b51e-4e13-aa89-2d9fb731f712,2026-03-22 21:31:00+00:00,gigi,Adelaide,Technology,male
5ccd9207-585d-4bbc-b77e-ba82b1e3ad78,2026-03-23 08:52:00+00:00,bella,Bristol,Technology,female
c270ec6c-6810-4ef0-9cf1-5fdd69736fac,2026-03-23 10:18:00+00:00,frankie_x,Sydney,Retail,male
11cf75fd-864d-437c-96a4-67839e2d6797,2026-03-23 20:23:00+00:00,mimi,Sydney,Marketing,prefer_not_to_say
46cf5f34-9e5c-49c2-a6dd-afae777aa143,2026-03-24 11:00:00+00:00,harper_s,Melbourne,Publishing,male
14a16d71-cc3d-43ec-b35b-a49d49e55b58,2026-03-24 11:31:00+00:00,kaia,Sydney,Consulting,female
97475ac5-aee2-436b-8514-cba965ebf9f6,2026-03-24 13:37:00+00:00,kate,Canberra,Hospitality,non_binary
014f0a65-8380-4812-8176-42b529510691,2026-03-24 18:31:00+00:00,cocox,Newcastle,Retail,non_binary
41fb4f3a-bfdb-4c16-bc9a-1a71dc9d9641,2026-03-25 13:12:00+00:00,ariel,Auckland,Education,female
633a3077-966f-4242-ba9b-dde9cc4946a3,2026-03-25 17:31:00+00:00,frankie_b,Hobart,Marketing,female
ba9228b7-5766-4ad3-a2d4-5b33611570e3,2026-03-26 13:00:00+00:00,stevie,Gold Coast,Healthcare,female
14e754b3-4708-412b-a149-7423530010ff,2026-03-26 13:52:00+00:00,sienna73,Sydney,Government,male
b94beb8c-b4e6-4b38-8ffd-1a3b371b6dff,2026-03-26 19:37:00+00:00,jane26,Auckland,Marketing,female
4e2b6d1f-6b1a-411b-a9ba-cc905ed90f91,2026-03-27 07:44:00+00:00,ivy_xo,Adelaide,Marketing,female
505613fa-5f05-40c6-afa2-5ec795da98c7,2026-03-27 09:00:00+00:00,zoe,Sydney,Publishing,female
5e4c0558-99e3-4f9e-a2eb-e2d9598190e1,2026-03-27 09:18:00+00:00,johq,Singapore,Media,male
6d82a1a1-c18b-412f-81c9-3d0dd60a712e,2026-03-27 11:18:00+00:00,josie,Brisbane,Healthcare,female
82c75b46-14d9-4c55-ac63-c86e4f8aca04,2026-03-28 10:31:00+00:00,sashanotes,Melbourne,Marketing,female
b642e45e-3a95-47c1-a9ae-ee2020dae4cc,2026-03-29 09:00:00+00:00,lauren_daily,London,Student,female
339ae17c-18ee-4ab3-813a-b9a28efb7da8,2026-03-30 20:31:00+00:00,matilda,Christchurch,Education,male
19144a69-4425-4709-88fe-ede4cdc13252,2026-04-01 17:00:00+00:00,fiona46,Newcastle,Fashion,female
87f6beaf-55e7-47ea-80f0-70cda16730d2,2026-04-01 17:44:00+00:00,alixzz,Melbourne,Student,female
ec558623-0f9d-4d8b-88b5-51e03cea6aa4,2026-04-01 17:44:00+00:00,elsieclub,Auckland,Technology,female
a4dbd257-6e33-4ccb-bd1e-7ab23ad6c4c8,2026-04-02 21:18:00+00:00,jessie,Singapore,Education,female
27ce0655-01cf-4fa8-81e3-021f45b37a31,2026-04-04 07:37:00+00:00,bonnie_x,Christchurch,Advertising,female
8c0f3a1c-a958-470e-afea-5b1b3cae59e4,2026-04-04 19:12:00+00:00,marnie56,London,Marketing,female
